-- phpMyAdmin SQL Dump
-- version 4.2.11
-- http://www.phpmyadmin.net
--
-- Client :  127.0.0.1
-- Généré le :  Lun 09 Novembre 2015 à 01:12
-- Version du serveur :  5.6.21
-- Version de PHP :  5.6.3

SET SQL_MODE = "NO_AUTO_VALUE_ON_ZERO";
SET time_zone = "+00:00";


/*!40101 SET @OLD_CHARACTER_SET_CLIENT=@@CHARACTER_SET_CLIENT */;
/*!40101 SET @OLD_CHARACTER_SET_RESULTS=@@CHARACTER_SET_RESULTS */;
/*!40101 SET @OLD_COLLATION_CONNECTION=@@COLLATION_CONNECTION */;
/*!40101 SET NAMES utf8 */;

--
-- Base de données :  `increase`
--
CREATE DATABASE IF NOT EXISTS `increase` DEFAULT CHARACTER SET utf8 COLLATE utf8_general_ci;
USE `increase`;

-- --------------------------------------------------------

--
-- Structure de la table `message`
--

CREATE TABLE IF NOT EXISTS `message` (
`id` int(11) NOT NULL,
  `objet` varchar(255) DEFAULT NULL,
  `content` text,
  `date` timestamp NOT NULL DEFAULT CURRENT_TIMESTAMP,
  `idUser` int(11) NOT NULL,
  `idProjet` int(11) NOT NULL,
  `idFil` int(11) DEFAULT NULL
) ENGINE=InnoDB AUTO_INCREMENT=8 DEFAULT CHARSET=utf8;

--
-- Contenu de la table `message`
--

INSERT INTO `message` (`id`, `objet`, `content`, `date`, `idUser`, `idProjet`, `idFil`) VALUES
(2, 'Essai', 'Aucun contenu', '2015-03-12 23:00:00', 1, 1, NULL),
(7, 'Ok', 'Rien à répondre', '2015-03-13 13:33:51', 2, 1, 2);

-- --------------------------------------------------------

--
-- Structure de la table `projet`
--

CREATE TABLE IF NOT EXISTS `projet` (
`id` int(11) NOT NULL,
  `nom` varchar(100) NOT NULL,
  `description` text,
  `dateLancement` date DEFAULT NULL,
  `dateFinPrevue` date DEFAULT NULL,
  `image` varchar(255) DEFAULT NULL,
  `idClient` int(11) NOT NULL
) ENGINE=InnoDB AUTO_INCREMENT=4 DEFAULT CHARSET=utf8;

--
-- Contenu de la table `projet`
--

INSERT INTO `projet` (`id`, `nom`, `description`, `dateLancement`, `dateFinPrevue`, `image`, `idClient`) VALUES
(1, 'Increase', 'A Phalcon web application to manage the progress of projects, and improve communication with the customer', '2015-03-16', '2015-03-29', NULL, 1),
(2, 'Open-beer', 'A free, public database, API and web application for beer information.', '2015-03-15', '2015-03-29', NULL, 1),
(3, 'Essai', 'test&lt;html&gt;la suite', '2015-03-10', '2015-03-09', NULL, 1);

-- --------------------------------------------------------

--
-- Structure de la table `tache`
--

CREATE TABLE IF NOT EXISTS `tache` (
`id` int(11) NOT NULL,
  `libelle` varchar(45) DEFAULT NULL,
  `date` date DEFAULT NULL,
  `avancement` smallint(6) DEFAULT NULL,
  `codeUseCase` varchar(15) NOT NULL
) ENGINE=InnoDB AUTO_INCREMENT=8 DEFAULT CHARSET=utf8;

--
-- Contenu de la table `tache`
--

INSERT INTO `tache` (`id`, `libelle`, `date`, `avancement`, `codeUseCase`) VALUES
(1, 'Interview client +rédaction', '2015-03-22', 100, 'I-UC1'),
(2, 'MCD', '2015-03-22', 100, 'I-UC2'),
(3, 'Génération base', '2015-03-22', 100, 'I-UC3'),
(4, 'Uses cases', '2015-03-23', 100, 'I-UC4'),
(5, 'Connexion REST', '2015-03-13', 50, 'OB-UC1'),
(6, 'Liste des bières', '2015-03-22', 100, 'OB-UC2'),
(7, 'Liste des bières par brasserie', '2015-03-22', 10, 'OB-UC2');

-- --------------------------------------------------------

--
-- Structure de la table `usecase`
--

CREATE TABLE IF NOT EXISTS `usecase` (
  `code` varchar(15) NOT NULL,
  `nom` varchar(255) NOT NULL,
  `poids` smallint(6) DEFAULT NULL,
  `avancement` smallint(6) DEFAULT NULL,
  `idProjet` int(11) NOT NULL,
  `idDev` int(11) NOT NULL
) ENGINE=InnoDB DEFAULT CHARSET=utf8;

--
-- Contenu de la table `usecase`
--

INSERT INTO `usecase` (`code`, `nom`, `poids`, `avancement`, `idProjet`, `idDev`) VALUES
('', 'oo', 10, 0, 3, 4),
('I-UC-Dev1', 'Connexion utilisateur', 5, 0, 1, 4),
('I-UC-Dev2', 'Gestion des ACL', 10, 0, 1, 4),
('I-UC-Dev3-Cli', 'Lister mes projets (client)', 5, 0, 1, 4),
('I-UC-Dev4-Cli', 'Visualiser avancement projet (client)', 10, 0, 1, 4),
('I-UC-Dev5', 'Laisser un message, répondre', 2, 0, 1, 4),
('I-UC-Dev6', 'Saisir l''anvancement d''un Use case', 5, 0, 1, 4),
('I-UC-Dev7', 'Saisir une tâche réalisée', 2, 0, 1, 4),
('I-UC-Dev8', 'Se déconnecter', 2, 0, 1, 2),
('I-UC-Dev9', 'Lister les messages (nouveaux, archivés...)', 2, 0, 1, 2),
('I-UC1', 'Règles de gestion', 2, 100, 1, 2),
('I-UC2', 'Analyse des données', 2, 100, 1, 2),
('I-UC3', 'Base de données', 2, 100, 1, 2),
('I-UC4', 'Analyse fonctionnelle', 20, 100, 1, 4),
('OB-UC1', 'Connexion au server REST', 10, 0, 2, 5),
('OB-UC2', 'Gestion des bières (liste/ajout/modification)', 10, 0, 2, 5);

-- --------------------------------------------------------

--
-- Structure de la table `user`
--

CREATE TABLE IF NOT EXISTS `user` (
`id` int(11) NOT NULL,
  `mail` varchar(255) NOT NULL,
  `password` varchar(255) DEFAULT NULL,
  `identite` varchar(100) DEFAULT NULL,
  `role` varchar(255) NOT NULL DEFAULT 'user'
) ENGINE=InnoDB AUTO_INCREMENT=8 DEFAULT CHARSET=utf8;

--
-- Contenu de la table `user`
--

INSERT INTO `user` (`id`, `mail`, `password`, `identite`, `role`) VALUES
(1, 'jcheron@kobject.net', 'ffffff9afffffff15b336e6affffff9619ffffff92ffffff8537ffffffdf30ffffffb2ffffffe6ffffffa2376569fffffffcfffffff9ffffffd7ffffffe773ffffffecffffffceffffffde65606529ffffffa0', 'JC HERON', 'user'),
(2, 'igor.minar@gmail.com', 'ffffff9afffffff15b336e6affffff9619ffffff92ffffff8537ffffffdf30ffffffb2ffffffe6ffffffa2376569fffffffcfffffff9ffffffd7ffffffe773ffffffecffffffceffffffde65606529ffffffa0', 'Igor MINAR', 'author'),
(3, 'admin@local.fr', 'ffffff8c6976ffffffe5ffffffb5410415ffffffbdffffffe908ffffffbd4dffffffee15ffffffdfffffffb167ffffffa9ffffffc873fffffffc4bffffffb8ffffffa81f6f2affffffb448ffffffa918', 'Admin', 'admin,user,author'),
(4, 'misko.hevery@gmail.com', '15ffffffe2ffffffb0ffffffd3ffffffc338ffffff91ffffffebffffffb0fffffff1ffffffef60ffffff9effffffc419420c20ffffffe320ffffffceffffff94ffffffc65fffffffbcffffff8c331244ffffff8effffffb225', 'Miško Hevery', 'author'),
(5, 'pete.bacon@gmail.com', '15ffffffe2ffffffb0ffffffd3ffffffc338ffffff91ffffffebffffffb0fffffff1ffffffef60ffffff9effffffc419420c20ffffffe320ffffffceffffff94ffffffc65fffffffbcffffff8c331244ffffff8effffffb225', 'Pete Bacon Darwin', 'author'),
(7, 'moi@kobject.net', 'ffffff9afffffff15b336e6affffff9619ffffff92ffffff8537ffffffdf30ffffffb2ffffffe6ffffffa2376569fffffffcfffffff9ffffffd7ffffffe773ffffffecffffffceffffffde65606529ffffffa0', 'moi', 'user');

--
-- Index pour les tables exportées
--

--
-- Index pour la table `message`
--
ALTER TABLE `message`
 ADD PRIMARY KEY (`id`), ADD KEY `fk_message_user1_idx` (`idUser`), ADD KEY `fk_message_projet1_idx` (`idProjet`), ADD KEY `fk_message_message1_idx` (`idFil`);

--
-- Index pour la table `projet`
--
ALTER TABLE `projet`
 ADD PRIMARY KEY (`id`), ADD UNIQUE KEY `nom_UNIQUE` (`nom`), ADD KEY `fk_projet_user1_idx` (`idClient`);

--
-- Index pour la table `tache`
--
ALTER TABLE `tache`
 ADD PRIMARY KEY (`id`), ADD KEY `fk_tache_useCase1_idx` (`codeUseCase`);

--
-- Index pour la table `usecase`
--
ALTER TABLE `usecase`
 ADD PRIMARY KEY (`code`,`idProjet`), ADD KEY `fk_useCase_projet_idx` (`idProjet`), ADD KEY `fk_useCase_user1_idx` (`idDev`);

--
-- Index pour la table `user`
--
ALTER TABLE `user`
 ADD PRIMARY KEY (`id`), ADD UNIQUE KEY `mail_UNIQUE` (`mail`);

--
-- AUTO_INCREMENT pour les tables exportées
--

--
-- AUTO_INCREMENT pour la table `message`
--
ALTER TABLE `message`
MODIFY `id` int(11) NOT NULL AUTO_INCREMENT,AUTO_INCREMENT=8;
--
-- AUTO_INCREMENT pour la table `projet`
--
ALTER TABLE `projet`
MODIFY `id` int(11) NOT NULL AUTO_INCREMENT,AUTO_INCREMENT=4;
--
-- AUTO_INCREMENT pour la table `tache`
--
ALTER TABLE `tache`
MODIFY `id` int(11) NOT NULL AUTO_INCREMENT,AUTO_INCREMENT=8;
--
-- AUTO_INCREMENT pour la table `user`
--
ALTER TABLE `user`
MODIFY `id` int(11) NOT NULL AUTO_INCREMENT,AUTO_INCREMENT=8;
--
-- Contraintes pour les tables exportées
--

--
-- Contraintes pour la table `message`
--
ALTER TABLE `message`
ADD CONSTRAINT `fk_message_message1` FOREIGN KEY (`idFil`) REFERENCES `message` (`id`) ON DELETE NO ACTION ON UPDATE NO ACTION,
ADD CONSTRAINT `fk_message_projet1` FOREIGN KEY (`idProjet`) REFERENCES `projet` (`id`) ON DELETE NO ACTION ON UPDATE NO ACTION,
ADD CONSTRAINT `fk_message_user1` FOREIGN KEY (`idUser`) REFERENCES `user` (`id`) ON DELETE NO ACTION ON UPDATE NO ACTION;

--
-- Contraintes pour la table `projet`
--
ALTER TABLE `projet`
ADD CONSTRAINT `fk_projet_user1` FOREIGN KEY (`idClient`) REFERENCES `user` (`id`) ON DELETE NO ACTION ON UPDATE NO ACTION;

--
-- Contraintes pour la table `tache`
--
ALTER TABLE `tache`
ADD CONSTRAINT `fk_tache_useCase1` FOREIGN KEY (`codeUseCase`) REFERENCES `usecase` (`code`) ON DELETE NO ACTION ON UPDATE NO ACTION;

--
-- Contraintes pour la table `usecase`
--
ALTER TABLE `usecase`
ADD CONSTRAINT `fk_useCase_projet` FOREIGN KEY (`idProjet`) REFERENCES `projet` (`id`) ON DELETE NO ACTION ON UPDATE NO ACTION,
ADD CONSTRAINT `fk_useCase_user1` FOREIGN KEY (`idDev`) REFERENCES `user` (`id`) ON DELETE NO ACTION ON UPDATE NO ACTION;

/*!40101 SET CHARACTER_SET_CLIENT=@OLD_CHARACTER_SET_CLIENT */;
/*!40101 SET CHARACTER_SET_RESULTS=@OLD_CHARACTER_SET_RESULTS */;
/*!40101 SET COLLATION_CONNECTION=@OLD_COLLATION_CONNECTION */;
